frame,stick_x,stick_y,buttons,cam_yaw,pos_x,pos_y,pos_z,vel_x,vel_y,vel_z,slide_vel_x,slide_vel_z,fwd_speed,face_yaw,face_pitch,face_roll,action,prev_action,land_from,action_state,action_timer,action_arg,floor_y,ceil_y,wall_hit,wall_kick_timer,wall_normal_yaw,anim_slot,anim_frame
0,0,80,0,0,0.0,0.0,0.0,0.0,0.0,0.0,0.0,0.0,0.0,0,0,0,205521409,205521409,205521409,0,0,0,0.0,0.0,0,0,16384,slot_0,0
1,0,80,0,0,0.0,0.0,0.0,0.0,0.0,0.0,0.0,0.0,8.0,0,0,0,67109952,205521409,205521409,0,0,0,0.0,0.0,0,0,16384,slot_1,0
2,0,80,0,0,0.0,0.0,8.913954,0.0,0.0,8.913954,0.0,0.0,8.913954,0,0,0,67109952,205521409,205521409,0,1,0,0.0,0.0,0,0,16384,slot_1,1
3,0,80,0,0,0.0,0.0,18.720608,0.0,0.0,9.806652,0.0,0.0,9.806652,0,0,0,67109952,205521409,205521409,0,2,0,0.0,0.0,0,0,16384,slot_1,2
4,0,80,0,0,0.0,0.0,29.399197,0.0,0.0,10.678591,0.0,0.0,10.678591,0,0,0,67109952,205521409,205521409,0,3,0,0.0,0.0,0,0,16384,slot_1,3
5,0,80,0,0,0.0,0.0,40.929455,0.0,0.0,11.5302515,0.0,0.0,11.5302515,0,0,0,67109952,205521409,205521409,0,4,0,0.0,0.0,0,0,16384,slot_1,4
6,0,80,0,0,0.0,0.0,53.29156,0.0,0.0,12.362106,0.0,0.0,12.362106,0,0,0,67109952,205521409,205521409,0,5,0,0.0,0.0,0,0,16384,slot_1,5
7,0,80,0,0,0.0,0.0,66.46618,0.0,0.0,13.174616,0.0,0.0,13.174616,0,0,0,67109952,205521409,205521409,0,6,0,0.0,0.0,0,0,16384,slot_1,6
8,0,80,0,0,0.0,0.0,80.43441,0.0,0.0,13.968229,0.0,0.0,13.968229,0,0,0,67109952,205521409,205521409,0,7,0,0.0,0.0,0,0,16384,slot_1,7
9,0,80,0,0,0.0,0.0,95.17779,0.0,0.0,14.743387,0.0,0.0,14.743387,0,0,0,67109952,205521409,205521409,0,8,0,0.0,0.0,0,0,16384,slot_1,8
10,0,80,0,0,0.0,0.0,110.67831,0.0,0.0,15.500518,0.0,0.0,15.500518,0,0,0,67109952,205521409,205521409,0,9,0,0.0,0.0,0,0,16384,slot_1,9
11,0,80,0,0,0.0,0.0,126.91836,0.0,0.0,16.24004,0.0,0.0,16.24004,0,0,0,67109952,205521409,205521409,0,10,0,0.0,0.0,0,0,16384,slot_1,10
12,0,80,0,0,0.0,0.0,143.8807,0.0,0.0,16.962364,0.0,0.0,16.962364,0,0,0,67109952,205521409,205521409,0,11,0,0.0,0.0,0,0,16384,slot_1,11
13,0,80,0,0,0.0,0.0,161.54861,0.0,0.0,17.66789,0.0,0.0,17.66789,0,0,0,67109952,205521409,205521409,0,12,0,0.0,0.0,0,0,16384,slot_1,12
14,0,80,0,0,0.0,0.0,179.90561,0.0,0.0,18.35701,0.0,0.0,18.35701,0,0,0,67109952,205521409,205521409,0,13,0,0.0,0.0,0,0,16384,slot_1,13
15,0,80,0,0,0.0,0.0,198.9357,0.0,0.0,19.030102,0.0,0.0,19.030102,0,0,0,67109952,205521409,205521409,0,14,0,0.0,0.0,0,0,16384,slot_1,14
16,0,80,0,0,0.0,0.0,218.62326,0.0,0.0,19.687542,0.0,0.0,19.687542,0,0,0,67109952,205521409,205521409,0,15,0,0.0,0.0,0,0,16384,slot_1,15
17,0,80,0,0,0.0,0.0,238.95297,0.0,0.0,20.329693,0.0,0.0,20.329693,0,0,0,67109952,205521409,205521409,0,16,0,0.0,0.0,0,0,16384,slot_1,16
18,0,80,0,0,0.0,0.0,259.90988,0.0,0.0,20.95691,0.0,0.0,20.95691,0,0,0,67109952,205521409,205521409,0,17,0,0.0,0.0,0,0,16384,slot_1,17
19,0,80,0,0,0.0,0.0,281.47946,0.0,0.0,21.56954,0.0,0.0,21.56954,0,0,0,67109952,205521409,205521409,0,18,0,0.0,0.0,0,0,16384,slot_1,18
20,0,80,0,0,0.0,0.0,303.64743,0.0,0.0,22.167923,0.0,0.0,22.167923,0,0,0,67109952,205521409,205521409,0,19,0,0.0,0.0,0,0,16384,slot_1,19
21,0,80,0,0,0.0,0.0,326.39987,0.0,0.0,22.75239,0.0,0.0,22.75239,0,0,0,67109952,205521409,205521409,0,20,0,0.0,0.0,0,0,16384,slot_1,20
22,0,80,0,0,0.0,0.0,349.7231,0.0,0.0,23.323265,0.0,0.0,23.323265,0,0,0,67109952,205521409,205521409,0,21,0,0.0,0.0,0,0,16384,slot_1,21
23,0,80,0,0,0.0,0.0,373.60397,0.0,0.0,23.880863,0.0,0.0,23.880863,0,0,0,67109952,205521409,205521409,0,22,0,0.0,0.0,0,0,16384,slot_1,22
24,0,80,0,0,0.0,0.0,398.0295,0.0,0.0,24.425495,0.0,0.0,24.425495,0,0,0,67109952,205521409,205521409,0,23,0,0.0,0.0,0,0,16384,slot_1,23
25,0,80,0,0,0.0,0.0,422.98703,0.0,0.0,24.95746,0.0,0.0,24.95746,0,0,0,67109952,205521409,205521409,0,24,0,0.0,0.0,0,0,16384,slot_1,24
26,0,80,0,0,0.0,0.0,448.46408,0.0,0.0,25.477055,0.0,0.0,25.477055,0,0,0,67109952,205521409,205521409,0,25,0,0.0,0.0,0,0,16384,slot_1,25
27,0,80,0,0,0.0,0.0,474.4487,0.0,0.0,25.984566,0.0,0.0,25.984566,0,0,0,67109952,205521409,205521409,0,26,0,0.0,0.0,0,0,16384,slot_1,26
28,0,80,0,0,0.0,0.0,500.92892,0.0,0.0,26.480274,0.0,0.0,26.480274,0,0,0,67109952,205521409,205521409,0,27,0,0.0,0.0,0,0,16384,slot_1,27
29,0,80,0,0,0.0,0.0,527.8933,0.0,0.0,26.964455,0.0,0.0,26.964455,0,0,0,67109952,205521409,205521409,0,28,0,0.0,0.0,0,0,16384,slot_1,28
30,0,-80,0,0,0.0,0.0,555.33057,0.0,0.0,27.437374,0.0,0.0,27.437374,0,0,0,67109952,205521409,205521409,0,29,0,0.0,0.0,0,0,16384,slot_1,29
31,0,-80,0,0,0.0,0.0,555.33057,0.0,0.0,27.437374,0.0,0.0,27.437374,0,0,0,1091,67109952,205521409,0,0,0,0.0,0.0,0,0,16384,slot_2,0
32,0,-80,0,0,-5.352766,0.0,582.2407,-5.352766,0.0,26.910172,0.0,0.0,27.437374,-2048,0,0,1091,67109952,205521409,0,1,0,0.0,0.0,0,0,16384,slot_2,1
33,0,-80,1,0,-15.852594,0.0,607.5896,-10.499828,0.0,25.348827,0.0,0.0,27.437374,-4096,0,0,1091,67109952,205521409,0,2,0,0.0,0.0,0,0,16384,slot_2,2
34,0,0,0,0,-15.852594,0.0,607.5896,9.797175e-16,62.0,-8.0,0.0,0.0,8.0,-32768,0,0,16779399,1091,205521409,0,0,0,0.0,0.0,0,0,16384,slot_11,0
35,0,0,0,0,-15.852594,62.0,599.9397,9.368549e-16,58.0,-7.65,0.0,0.0,7.65,-32768,0,0,16779399,1091,205521409,0,1,0,0.0,0.0,0,0,16384,slot_11,1
36,0,0,0,0,-15.852594,120.0,592.63965,8.939922e-16,54.0,-7.3,0.0,0.0,7.3,-32768,0,0,16779399,1091,205521409,0,2,0,0.0,0.0,0,0,16384,slot_11,2
37,0,0,0,0,-15.852594,174.0,585.6897,8.511296e-16,50.0,-6.9500003,0.0,0.0,6.9500003,-32768,0,0,16779399,1091,205521409,0,3,0,0.0,0.0,0,0,16384,slot_11,3
38,0,0,0,0,-15.852594,224.0,579.0896,8.0826695e-16,46.0,-6.6000004,0.0,0.0,6.6000004,-32768,0,0,16779399,1091,205521409,0,4,0,0.0,0.0,0,0,16384,slot_11,4
39,0,0,0,0,-15.852594,270.0,572.8396,7.6540433e-16,42.0,-6.2500005,0.0,0.0,6.2500005,-32768,0,0,16779399,1091,205521409,0,5,0,0.0,0.0,0,0,16384,slot_11,5
40,0,0,0,0,-15.852594,312.0,566.9397,7.225417e-16,38.0,-5.9000006,0.0,0.0,5.9000006,-32768,0,0,16779399,1091,205521409,0,6,0,0.0,0.0,0,0,16384,slot_11,6
41,0,0,0,0,-15.852594,350.0,561.38965,6.796791e-16,34.0,-5.5500007,0.0,0.0,5.5500007,-32768,0,0,16779399,1091,205521409,0,7,0,0.0,0.0,0,0,16384,slot_11,7
42,0,0,0,0,-15.852594,384.0,556.1897,6.3681647e-16,30.0,-5.200001,0.0,0.0,5.200001,-32768,0,0,16779399,1091,205521409,0,8,0,0.0,0.0,0,0,16384,slot_11,8
43,0,0,0,0,-15.852594,414.0,551.3396,5.9395385e-16,26.0,-4.850001,0.0,0.0,4.850001,-32768,0,0,16779399,1091,205521409,0,9,0,0.0,0.0,0,0,16384,slot_11,9
44,0,0,0,0,-15.852594,440.0,546.8396,5.510912e-16,22.0,-4.500001,0.0,0.0,4.500001,-32768,0,0,16779399,1091,205521409,0,10,0,0.0,0.0,0,0,16384,slot_11,10
45,0,0,0,0,-15.852594,462.0,542.6897,5.0822856e-16,18.0,-4.150001,0.0,0.0,4.150001,-32768,0,0,16779399,1091,205521409,0,11,0,0.0,0.0,0,0,16384,slot_11,11
46,0,0,0,0,-15.852594,480.0,538.88965,4.6536594e-16,14.0,-3.8000011,0.0,0.0,3.8000011,-32768,0,0,16779399,1091,205521409,0,12,0,0.0,0.0,0,0,16384,slot_11,12
47,0,0,0,0,-15.852594,494.0,535.4397,4.2250332e-16,10.0,-3.4500012,0.0,0.0,3.4500012,-32768,0,0,16779399,1091,205521409,0,13,0,0.0,0.0,0,0,16384,slot_11,13
48,0,0,0,0,-15.852594,504.0,532.3396,3.796407e-16,6.0,-3.1000013,0.0,0.0,3.1000013,-32768,0,0,16779399,1091,205521409,0,14,0,0.0,0.0,0,0,16384,slot_11,14
49,0,0,0,0,-15.852594,510.0,529.5896,3.3677805e-16,2.0,-2.7500014,0.0,0.0,2.7500014,-32768,0,0,16779399,1091,205521409,0,15,0,0.0,0.0,0,0,16384,slot_11,15
50,0,0,0,0,-15.852594,512.0,527.1897,2.9391543e-16,-2.0,-2.4000015,0.0,0.0,2.4000015,-32768,0,0,16779399,1091,205521409,0,16,0,0.0,0.0,0,0,16384,slot_11,16
51,0,0,0,0,-15.852594,510.0,525.13965,2.510528e-16,-6.0,-2.0500016,0.0,0.0,2.0500016,-32768,0,0,16779399,1091,205521409,0,17,0,0.0,0.0,0,0,16384,slot_11,17
52,0,0,0,0,-15.852594,504.0,523.4397,2.0819016e-16,-10.0,-1.7000016,0.0,0.0,1.7000016,-32768,0,0,16779399,1091,205521409,0,18,0,0.0,0.0,0,0,16384,slot_11,18
53,0,0,0,0,-15.852594,494.0,522.0896,1.6532752e-16,-14.0,-1.3500016,0.0,0.0,1.3500016,-32768,0,0,16779399,1091,205521409,0,19,0,0.0,0.0,0,0,16384,slot_11,19
54,0,0,0,0,-15.852594,480.0,521.0896,1.2246487e-16,-18.0,-1.0000015,0.0,0.0,1.0000015,-32768,0,0,16779399,1091,205521409,0,20,0,0.0,0.0,0,0,16384,slot_11,20
55,0,0,0,0,-15.852594,462.0,520.4397,7.960223e-17,-22.0,-0.6500015,0.0,0.0,0.6500015,-32768,0,0,16779399,1091,205521409,0,21,0,0.0,0.0,0,0,16384,slot_11,21
56,0,0,0,0,-15.852594,440.0,520.13965,3.6739594e-17,-26.0,-0.30000153,0.0,0.0,0.30000153,-32768,0,0,16779399,1091,205521409,0,22,0,0.0,0.0,0,0,16384,slot_11,22
57,0,0,0,0,-15.852594,414.0,520.13965,0.0,-30.0,-0.0,0.0,0.0,0.0,-32768,0,0,16779399,1091,205521409,0,23,0,0.0,0.0,0,0,16384,slot_11,23
58,0,0,0,0,-15.852594,384.0,520.13965,0.0,-34.0,-0.0,0.0,0.0,0.0,-32768,0,0,16779399,1091,205521409,0,24,0,0.0,0.0,0,0,16384,slot_11,24
59,0,0,0,0,-15.852594,350.0,520.13965,0.0,-38.0,-0.0,0.0,0.0,0.0,-32768,0,0,16779399,1091,205521409,0,25,0,0.0,0.0,0,0,16384,slot_11,25
60,0,0,0,0,-15.852594,312.0,520.13965,0.0,-42.0,-0.0,0.0,0.0,0.0,-32768,0,0,16779399,1091,205521409,0,26,0,0.0,0.0,0,0,16384,slot_11,26
61,0,0,0,0,-15.852594,270.0,520.13965,0.0,-46.0,-0.0,0.0,0.0,0.0,-32768,0,0,16779399,1091,205521409,0,27,0,0.0,0.0,0,0,16384,slot_11,27
62,0,0,0,0,-15.852594,224.0,520.13965,0.0,-50.0,-0.0,0.0,0.0,0.0,-32768,0,0,16779399,1091,205521409,0,28,0,0.0,0.0,0,0,16384,slot_11,28
63,0,0,0,0,-15.852594,174.0,520.13965,0.0,-54.0,-0.0,0.0,0.0,0.0,-32768,0,0,16779399,1091,205521409,0,29,0,0.0,0.0,0,0,16384,slot_11,29
64,0,0,0,0,-15.852594,120.0,520.13965,0.0,-58.0,-0.0,0.0,0.0,0.0,-32768,0,0,16779399,1091,205521409,0,30,0,0.0,0.0,0,0,16384,slot_11,30
65,0,0,0,0,-15.852594,0.0,520.13965,0.0,0.0,-0.0,0.0,0.0,0.0,-32768,0,0,67110003,16779399,16779399,0,0,58,0.0,0.0,0,0,16384,slot_5,0
66,0,0,0,0,-15.852594,0.0,520.13965,0.0,0.0,-0.0,0.0,0.0,0.0,-32768,0,0,67110003,16779399,16779399,0,1,58,0.0,0.0,0,0,16384,slot_5,1
67,0,0,0,0,-15.852594,0.0,520.13965,0.0,0.0,-0.0,0.0,0.0,0.0,-32768,0,0,67110003,16779399,16779399,0,2,58,0.0,0.0,0,0,16384,slot_5,2
68,0,0,0,0,-15.852594,0.0,520.13965,0.0,0.0,-0.0,0.0,0.0,0.0,-32768,0,0,67110003,16779399,16779399,0,3,58,0.0,0.0,0,0,16384,slot_5,3
69,0,0,0,0,-15.852594,0.0,520.13965,0.0,0.0,-0.0,0.0,0.0,0.0,-32768,0,0,205521409,67110003,16779399,0,0,0,0.0,0.0,0,0,16384,slot_5,4
70,0,0,0,0,-15.852594,0.0,520.13965,0.0,0.0,0.0,0.0,0.0,0.0,-32768,0,0,205521409,67110003,16779399,0,1,0,0.0,0.0,0,0,16384,slot_0,0
71,0,0,0,0,-15.852594,0.0,520.13965,0.0,0.0,0.0,0.0,0.0,0.0,-32768,0,0,205521409,67110003,16779399,0,2,0,0.0,0.0,0,0,16384,slot_0,1
72,0,0,0,0,-15.852594,0.0,520.13965,0.0,0.0,0.0,0.0,0.0,0.0,-32768,0,0,205521409,67110003,16779399,0,3,0,0.0,0.0,0,0,16384,slot_0,2
73,0,0,0,0,-15.852594,0.0,520.13965,0.0,0.0,0.0,0.0,0.0,0.0,-32768,0,0,205521409,67110003,16779399,0,4,0,0.0,0.0,0,0,16384,slot_0,3
74,0,0,0,0,-15.852594,0.0,520.13965,0.0,0.0,0.0,0.0,0.0,0.0,-32768,0,0,205521409,67110003,16779399,0,5,0,0.0,0.0,0,0,16384,slot_0,4
75,0,0,0,0,-15.852594,0.0,520.13965,0.0,0.0,0.0,0.0,0.0,0.0,-32768,0,0,205521409,67110003,16779399,0,6,0,0.0,0.0,0,0,16384,slot_0,5
76,0,0,0,0,-15.852594,0.0,520.13965,0.0,0.0,0.0,0.0,0.0,0.0,-32768,0,0,205521409,67110003,16779399,0,7,0,0.0,0.0,0,0,16384,slot_0,6
77,0,0,0,0,-15.852594,0.0,520.13965,0.0,0.0,0.0,0.0,0.0,0.0,-32768,0,0,205521409,67110003,16779399,0,8,0,0.0,0.0,0,0,16384,slot_0,7
78,0,0,0,0,-15.852594,0.0,520.13965,0.0,0.0,0.0,0.0,0.0,0.0,-32768,0,0,205521409,67110003,16779399,0,9,0,0.0,0.0,0,0,16384,slot_0,8
79,0,0,0,0,-15.852594,0.0,520.13965,0.0,0.0,0.0,0.0,0.0,0.0,-32768,0,0,205521409,67110003,16779399,0,10,0,0.0,0.0,0,0,16384,slot_0,9
80,0,0,0,0,-15.852594,0.0,520.13965,0.0,0.0,0.0,0.0,0.0,0.0,-32768,0,0,205521409,67110003,16779399,0,11,0,0.0,0.0,0,0,16384,slot_0,10
81,0,0,0,0,-15.852594,0.0,520.13965,0.0,0.0,0.0,0.0,0.0,0.0,-32768,0,0,205521409,67110003,16779399,0,12,0,0.0,0.0,0,0,16384,slot_0,11
82,0,0,0,0,-15.852594,0.0,520.13965,0.0,0.0,0.0,0.0,0.0,0.0,-32768,0,0,205521409,67110003,16779399,0,13,0,0.0,0.0,0,0,16384,slot_0,12
83,0,0,0,0,-15.852594,0.0,520.13965,0.0,0.0,0.0,0.0,0.0,0.0,-32768,0,0,205521409,67110003,16779399,0,14,0,0.0,0.0,0,0,16384,slot_0,13
84,0,0,0,0,-15.852594,0.0,520.13965,0.0,0.0,0.0,0.0,0.0,0.0,-32768,0,0,205521409,67110003,16779399,0,15,0,0.0,0.0,0,0,16384,slot_0,14
85,0,0,0,0,-15.852594,0.0,520.13965,0.0,0.0,0.0,0.0,0.0,0.0,-32768,0,0,205521409,67110003,16779399,0,16,0,0.0,0.0,0,0,16384,slot_0,15
86,0,0,0,0,-15.852594,0.0,520.13965,0.0,0.0,0.0,0.0,0.0,0.0,-32768,0,0,205521409,67110003,16779399,0,17,0,0.0,0.0,0,0,16384,slot_0,16
87,0,0,0,0,-15.852594,0.0,520.13965,0.0,0.0,0.0,0.0,0.0,0.0,-32768,0,0,205521409,67110003,16779399,0,18,0,0.0,0.0,0,0,16384,slot_0,17
88,0,0,0,0,-15.852594,0.0,520.13965,0.0,0.0,0.0,0.0,0.0,0.0,-32768,0,0,205521409,67110003,16779399,0,19,0,0.0,0.0,0,0,16384,slot_0,18
89,0,0,0,0,-15.852594,0.0,520.13965,0.0,0.0,0.0,0.0,0.0,0.0,-32768,0,0,205521409,67110003,16779399,0,20,0,0.0,0.0,0,0,16384,slot_0,19
90,0,0,0,0,-15.852594,0.0,520.13965,0.0,0.0,0.0,0.0,0.0,0.0,-32768,0,0,205521409,67110003,16779399,0,21,0,0.0,0.0,0,0,16384,slot_0,20
91,0,0,0,0,-15.852594,0.0,520.13965,0.0,0.0,0.0,0.0,0.0,0.0,-32768,0,0,205521409,67110003,16779399,0,22,0,0.0,0.0,0,0,16384,slot_0,21
92,0,0,0,0,-15.852594,0.0,520.13965,0.0,0.0,0.0,0.0,0.0,0.0,-32768,0,0,205521409,67110003,16779399,0,23,0,0.0,0.0,0,0,16384,slot_0,22
93,0,0,0,0,-15.852594,0.0,520.13965,0.0,0.0,0.0,0.0,0.0,0.0,-32768,0,0,205521409,67110003,16779399,0,24,0,0.0,0.0,0,0,16384,slot_0,23
94,0,0,0,0,-15.852594,0.0,520.13965,0.0,0.0,0.0,0.0,0.0,0.0,-32768,0,0,205521409,67110003,16779399,0,25,0,0.0,0.0,0,0,16384,slot_0,24
95,0,0,0,0,-15.852594,0.0,520.13965,0.0,0.0,0.0,0.0,0.0,0.0,-32768,0,0,205521409,67110003,16779399,0,26,0,0.0,0.0,0,0,16384,slot_0,25
96,0,0,0,0,-15.852594,0.0,520.13965,0.0,0.0,0.0,0.0,0.0,0.0,-32768,0,0,205521409,67110003,16779399,0,27,0,0.0,0.0,0,0,16384,slot_0,26
97,0,0,0,0,-15.852594,0.0,520.13965,0.0,0.0,0.0,0.0,0.0,0.0,-32768,0,0,205521409,67110003,16779399,0,28,0,0.0,0.0,0,0,16384,slot_0,27
98,0,0,0,0,-15.852594,0.0,520.13965,0.0,0.0,0.0,0.0,0.0,0.0,-32768,0,0,205521409,67110003,16779399,0,29,0,0.0,0.0,0,0,16384,slot_0,28
99,0,0,0,0,-15.852594,0.0,520.13965,0.0,0.0,0.0,0.0,0.0,0.0,-32768,0,0,205521409,67110003,16779399,0,30,0,0.0,0.0,0,0,16384,slot_0,29
100,0,0,0,0,-15.852594,0.0,520.13965,0.0,0.0,0.0,0.0,0.0,0.0,-32768,0,0,205521409,67110003,16779399,0,31,0,0.0,0.0,0,0,16384,slot_0,30
101,0,0,0,0,-15.852594,0.0,520.13965,0.0,0.0,0.0,0.0,0.0,0.0,-32768,0,0,205521409,67110003,16779399,0,32,0,0.0,0.0,0,0,16384,slot_0,31
102,0,0,0,0,-15.852594,0.0,520.13965,0.0,0.0,0.0,0.0,0.0,0.0,-32768,0,0,205521409,67110003,16779399,0,33,0,0.0,0.0,0,0,16384,slot_0,32
103,0,0,0,0,-15.852594,0.0,520.13965,0.0,0.0,0.0,0.0,0.0,0.0,-32768,0,0,205521409,67110003,16779399,0,34,0,0.0,0.0,0,0,16384,slot_0,33
104,0,0,0,0,-15.852594,0.0,520.13965,0.0,0.0,0.0,0.0,0.0,0.0,-32768,0,0,205521409,67110003,16779399,0,35,0,0.0,0.0,0,0,16384,slot_0,34
105,0,0,0,0,-15.852594,0.0,520.13965,0.0,0.0,0.0,0.0,0.0,0.0,-32768,0,0,205521409,67110003,16779399,0,36,0,0.0,0.0,0,0,16384,slot_0,35
106,0,0,0,0,-15.852594,0.0,520.13965,0.0,0.0,0.0,0.0,0.0,0.0,-32768,0,0,205521409,67110003,16779399,0,37,0,0.0,0.0,0,0,16384,slot_0,36
107,0,0,0,0,-15.852594,0.0,520.13965,0.0,0.0,0.0,0.0,0.0,0.0,-32768,0,0,205521409,67110003,16779399,0,38,0,0.0,0.0,0,0,16384,slot_0,37
108,0,0,0,0,-15.852594,0.0,520.13965,0.0,0.0,0.0,0.0,0.0,0.0,-32768,0,0,205521409,67110003,16779399,0,39,0,0.0,0.0,0,0,16384,slot_0,38
109,0,0,0,0,-15.852594,0.0,520.13965,0.0,0.0,0.0,0.0,0.0,0.0,-32768,0,0,205521409,67110003,16779399,0,40,0,0.0,0.0,0,0,16384,slot_0,39
110,0,0,0,0,-15.852594,0.0,520.13965,0.0,0.0,0.0,0.0,0.0,0.0,-32768,0,0,205521409,67110003,16779399,0,41,0,0.0,0.0,0,0,16384,slot_0,40
111,0,0,0,0,-15.852594,0.0,520.13965,0.0,0.0,0.0,0.0,0.0,0.0,-32768,0,0,205521409,67110003,16779399,0,42,0,0.0,0.0,0,0,16384,slot_0,41
112,0,0,0,0,-15.852594,0.0,520.13965,0.0,0.0,0.0,0.0,0.0,0.0,-32768,0,0,205521409,67110003,16779399,0,43,0,0.0,0.0,0,0,16384,slot_0,42
113,0,0,0,0,-15.852594,0.0,520.13965,0.0,0.0,0.0,0.0,0.0,0.0,-32768,0,0,205521409,67110003,16779399,0,44,0,0.0,0.0,0,0,16384,slot_0,43
114,0,0,0,0,-15.852594,0.0,520.13965,0.0,0.0,0.0,0.0,0.0,0.0,-32768,0,0,205521409,67110003,16779399,0,45,0,0.0,0.0,0,0,16384,slot_0,44
115,0,0,0,0,-15.852594,0.0,520.13965,0.0,0.0,0.0,0.0,0.0,0.0,-32768,0,0,205521409,67110003,16779399,0,46,0,0.0,0.0,0,0,16384,slot_0,45
116,0,0,0,0,-15.852594,0.0,520.13965,0.0,0.0,0.0,0.0,0.0,0.0,-32768,0,0,205521409,67110003,16779399,0,47,0,0.0,0.0,0,0,16384,slot_0,46
117,0,0,0,0,-15.852594,0.0,520.13965,0.0,0.0,0.0,0.0,0.0,0.0,-32768,0,0,205521409,67110003,16779399,0,48,0,0.0,0.0,0,0,16384,slot_0,47
118,0,0,0,0,-15.852594,0.0,520.13965,0.0,0.0,0.0,0.0,0.0,0.0,-32768,0,0,205521409,67110003,16779399,0,49,0,0.0,0.0,0,0,16384,slot_0,48
119,0,0,0,0,-15.852594,0.0,520.13965,0.0,0.0,0.0,0.0,0.0,0.0,-32768,0,0,205521409,67110003,16779399,0,50,0,0.0,0.0,0,0,16384,slot_0,49
120,0,0,0,0,-15.852594,0.0,520.13965,0.0,0.0,0.0,0.0,0.0,0.0,-32768,0,0,205521409,67110003,16779399,0,51,0,0.0,0.0,0,0,16384,slot_0,50
121,0,0,0,0,-15.852594,0.0,520.13965,0.0,0.0,0.0,0.0,0.0,0.0,-32768,0,0,205521409,67110003,16779399,0,52,0,0.0,0.0,0,0,16384,slot_0,51
122,0,0,0,0,-15.852594,0.0,520.13965,0.0,0.0,0.0,0.0,0.0,0.0,-32768,0,0,205521409,67110003,16779399,0,53,0,0.0,0.0,0,0,16384,slot_0,52
123,0,0,0,0,-15.852594,0.0,520.13965,0.0,0.0,0.0,0.0,0.0,0.0,-32768,0,0,205521409,67110003,16779399,0,54,0,0.0,0.0,0,0,16384,slot_0,53
124,0,0,0,0,-15.852594,0.0,520.13965,0.0,0.0,0.0,0.0,0.0,0.0,-32768,0,0,205521409,67110003,16779399,0,55,0,0.0,0.0,0,0,16384,slot_0,54
