frame,stick_x,stick_y,buttons,cam_yaw,pos_x,pos_y,pos_z,vel_x,vel_y,vel_z,fwd_speed,face_yaw,face_pitch,face_roll,action,prev_action,land_from,action_state,action_timer,action_arg,floor_y,ceil_y,wall_hit,wall_kick_timer,wall_normal_yaw,anim_slot,anim_frame
0,0,80,0,0,0.0,205.0,450.0,0.0,0.0,0.0,0.0,-32768,0,0,205521409,205521409,205521409,0,0,0,0.0,0.0,0,0,16384,slot_0,0
1,0,0,0,0,0.0,205.0,450.0,0.0,0.0,0.0,0.0,-32768,0,0,1073744012,205521409,205521409,0,0,0,0.0,0.0,0,0,16384,slot_0,1
2,0,0,0,0,0.0,175.0,450.0,0.0,0.0,-0.0,0.0,-32768,0,0,1073742918,1073744012,1073744012,0,0,4,175.0,0.0,0,0,16384,slot_5,0
3,0,0,0,0,0.0,175.0,450.0,0.0,0.0,-0.0,0.0,-32768,0,0,1073742918,1073744012,1073744012,0,1,4,175.0,0.0,0,0,16384,slot_5,1
4,0,0,0,0,0.0,175.0,450.0,0.0,0.0,-0.0,0.0,-32768,0,0,1073742918,1073744012,1073744012,0,2,4,175.0,0.0,0,0,16384,slot_5,2
5,0,0,0,0,0.0,175.0,450.0,0.0,0.0,-0.0,0.0,-32768,0,0,1073742918,1073744012,1073744012,0,3,4,175.0,0.0,0,0,16384,slot_5,3
6,0,0,0,0,0.0,175.0,450.0,0.0,0.0,-0.0,0.0,-32768,0,0,1073742917,1073742918,1073744012,0,0,0,175.0,0.0,0,0,16384,slot_4,0
7,0,0,0,0,0.0,175.0,450.0,0.0,0.0,-0.0,0.0,-32768,0,0,1073742919,1073742917,1073744012,0,0,0,175.0,0.0,0,0,16384,slot_19,0
8,0,0,0,0,0.0,175.0,450.0,0.0,0.0,-0.0,0.0,-32768,0,0,1073742919,1073742917,1073744012,0,1,0,175.0,0.0,0,0,16384,slot_19,1
9,0,0,0,0,0.0,175.0,450.0,0.0,0.0,-0.0,0.0,-32768,0,0,1073742919,1073742917,1073744012,0,2,0,175.0,0.0,0,0,16384,slot_19,2
10,0,0,0,0,0.0,175.0,450.0,0.0,0.0,-0.0,0.0,-32768,0,0,1073742919,1073742917,1073744012,0,3,0,175.0,0.0,0,0,16384,slot_19,3
11,0,0,0,0,0.0,175.0,450.0,0.0,0.0,-0.0,0.0,-32768,0,0,1073742919,1073742917,1073744012,0,4,0,175.0,0.0,0,0,16384,slot_19,4
12,0,0,0,0,0.0,175.0,450.0,0.0,0.0,-0.0,0.0,-32768,0,0,1073742919,1073742917,1073744012,0,5,0,175.0,0.0,0,0,16384,slot_19,5
13,0,0,0,0,0.0,175.0,450.0,0.0,0.0,-0.0,0.0,-32768,0,0,1073742919,1073742917,1073744012,0,6,0,175.0,0.0,0,0,16384,slot_19,6
14,0,0,0,0,0.0,175.0,450.0,0.0,0.0,-0.0,0.0,-32768,0,0,1073742919,1073742917,1073744012,0,7,0,175.0,0.0,0,0,16384,slot_19,7
15,0,0,0,0,0.0,175.0,450.0,0.0,0.0,-0.0,0.0,-32768,0,0,1073742919,1073742917,1073744012,0,8,0,175.0,0.0,0,0,16384,slot_19,8
16,0,0,0,0,0.0,175.0,450.0,0.0,0.0,-0.0,0.0,-32768,0,0,1073742919,1073742917,1073744012,0,9,0,175.0,0.0,0,0,16384,slot_19,9
17,0,0,0,0,0.0,175.0,450.0,0.0,0.0,-0.0,0.0,-32768,0,0,1073742919,1073742917,1073744012,0,10,0,175.0,0.0,0,0,16384,slot_19,10
18,0,0,0,0,0.0,175.0,450.0,0.0,0.0,-0.0,0.0,-32768,0,0,1073742919,1073742917,1073744012,0,11,0,175.0,0.0,0,0,16384,slot_19,11
19,0,0,0,0,0.0,175.0,450.0,0.0,0.0,-0.0,0.0,-32768,0,0,1073742919,1073742917,1073744012,0,12,0,175.0,0.0,0,0,16384,slot_19,12
20,0,0,0,0,0.0,175.0,450.0,0.0,0.0,-0.0,0.0,-32768,0,0,1073742919,1073742917,1073744012,0,13,0,175.0,0.0,0,0,16384,slot_19,13
21,0,0,0,0,0.0,175.0,450.0,0.0,0.0,-0.0,0.0,-32768,0,0,1073742919,1073742917,1073744012,0,14,0,175.0,0.0,0,0,16384,slot_19,14
22,0,0,0,0,0.0,175.0,450.0,0.0,0.0,-0.0,0.0,-32768,0,0,1073742919,1073742917,1073744012,0,15,0,175.0,0.0,0,0,16384,slot_19,15
23,0,0,0,0,0.0,175.0,450.0,0.0,0.0,-0.0,0.0,-32768,0,0,1073742919,1073742917,1073744012,0,16,0,175.0,0.0,0,0,16384,slot_19,16
24,0,0,0,0,0.0,175.0,450.0,0.0,0.0,-0.0,0.0,-32768,0,0,1073742919,1073742917,1073744012,0,17,0,175.0,0.0,0,0,16384,slot_19,17
25,0,0,0,0,0.0,175.0,450.0,0.0,0.0,-0.0,0.0,-32768,0,0,1073742919,1073742917,1073744012,0,18,0,175.0,0.0,0,0,16384,slot_19,18
26,0,0,0,0,0.0,175.0,450.0,0.0,0.0,-0.0,0.0,-32768,0,0,1073742919,1073742917,1073744012,0,19,0,175.0,0.0,0,0,16384,slot_19,19
27,0,0,0,0,0.0,175.0,450.0,0.0,0.0,-0.0,0.0,-32768,0,0,1073742919,1073742917,1073744012,0,20,0,175.0,0.0,0,0,16384,slot_19,20
28,0,0,0,0,0.0,175.0,450.0,0.0,0.0,-0.0,0.0,-32768,0,0,1073742919,1073742917,1073744012,0,21,0,175.0,0.0,0,0,16384,slot_19,21
29,0,0,0,0,0.0,175.0,450.0,0.0,0.0,-0.0,0.0,-32768,0,0,1073742919,1073742917,1073744012,0,22,0,175.0,0.0,0,0,16384,slot_19,22
30,0,0,0,0,0.0,175.0,450.0,0.0,0.0,-0.0,0.0,-32768,0,0,1073742919,1073742917,1073744012,0,23,0,175.0,0.0,0,0,16384,slot_19,23
31,0,0,0,0,0.0,175.0,450.0,0.0,0.0,-0.0,0.0,-32768,0,0,1073742919,1073742917,1073744012,0,24,0,175.0,0.0,0,0,16384,slot_19,24
32,0,0,0,0,0.0,175.0,450.0,0.0,0.0,-0.0,0.0,-32768,0,0,1073742919,1073742917,1073744012,0,25,0,175.0,0.0,0,0,16384,slot_19,25
33,0,0,0,0,0.0,175.0,450.0,0.0,0.0,-0.0,0.0,-32768,0,0,1073742919,1073742917,1073744012,0,26,0,175.0,0.0,0,0,16384,slot_19,26
34,0,0,0,0,0.0,175.0,450.0,0.0,0.0,-0.0,0.0,-32768,0,0,1073742919,1073742917,1073744012,0,27,0,175.0,0.0,0,0,16384,slot_19,27
35,0,0,0,0,0.0,175.0,450.0,0.0,0.0,-0.0,0.0,-32768,0,0,1073742919,1073742917,1073744012,0,28,0,175.0,0.0,0,0,16384,slot_19,28
36,0,0,0,0,0.0,175.0,450.0,0.0,0.0,-0.0,0.0,-32768,0,0,1073742919,1073742917,1073744012,0,29,0,175.0,0.0,0,0,16384,slot_19,29
37,0,0,0,0,0.0,175.0,450.0,0.0,0.0,-0.0,0.0,-32768,0,0,1073742919,1073742917,1073744012,0,30,0,175.0,0.0,0,0,16384,slot_19,30
38,0,0,0,0,0.0,175.0,450.0,0.0,0.0,-0.0,0.0,-32768,0,0,1073742919,1073742917,1073744012,0,31,0,175.0,0.0,0,0,16384,slot_19,31
39,0,0,0,0,0.0,175.0,450.0,0.0,0.0,-0.0,0.0,-32768,0,0,1073742919,1073742917,1073744012,0,32,0,175.0,0.0,0,0,16384,slot_19,32
40,0,0,0,0,0.0,175.0,450.0,0.0,0.0,-0.0,0.0,-32768,0,0,1073742919,1073742917,1073744012,0,33,0,175.0,0.0,0,0,16384,slot_19,33
41,0,0,0,0,0.0,175.0,450.0,0.0,0.0,-0.0,0.0,-32768,0,0,1073742919,1073742917,1073744012,0,34,0,175.0,0.0,0,0,16384,slot_19,34
42,0,0,0,0,0.0,175.0,450.0,0.0,0.0,-0.0,0.0,-32768,0,0,1073742919,1073742917,1073744012,0,35,0,175.0,0.0,0,0,16384,slot_19,35
43,0,0,0,0,0.0,175.0,450.0,0.0,0.0,-0.0,0.0,-32768,0,0,1073742919,1073742917,1073744012,0,36,0,175.0,0.0,0,0,16384,slot_19,36
44,0,0,0,0,0.0,175.0,450.0,0.0,0.0,-0.0,0.0,-32768,0,0,1073742919,1073742917,1073744012,0,37,0,175.0,0.0,0,0,16384,slot_19,37
45,0,0,0,0,0.0,175.0,450.0,0.0,0.0,-0.0,0.0,-32768,0,0,1073742919,1073742917,1073744012,0,38,0,175.0,0.0,0,0,16384,slot_19,38
46,0,0,0,0,0.0,175.0,450.0,0.0,0.0,-0.0,0.0,-32768,0,0,1073742919,1073742917,1073744012,0,39,0,175.0,0.0,0,0,16384,slot_19,39
47,0,0,0,0,0.0,175.0,450.0,0.0,0.0,-0.0,0.0,-32768,0,0,1073742919,1073742917,1073744012,0,40,0,175.0,0.0,0,0,16384,slot_19,40
48,0,0,0,0,0.0,175.0,450.0,0.0,0.0,-0.0,0.0,-32768,0,0,1073742919,1073742917,1073744012,0,41,0,175.0,0.0,0,0,16384,slot_19,41
49,0,0,0,0,0.0,175.0,450.0,0.0,0.0,-0.0,0.0,-32768,0,0,1073742919,1073742917,1073744012,0,42,0,175.0,0.0,0,0,16384,slot_19,42
50,0,0,0,0,0.0,175.0,450.0,0.0,0.0,-0.0,0.0,-32768,0,0,1073742919,1073742917,1073744012,0,43,0,175.0,0.0,0,0,16384,slot_19,43
51,0,0,0,0,0.0,175.0,450.0,0.0,0.0,-0.0,0.0,-32768,0,0,1073742919,1073742917,1073744012,0,44,0,175.0,0.0,0,0,16384,slot_19,44
52,0,0,0,0,0.0,175.0,450.0,0.0,0.0,-0.0,0.0,-32768,0,0,1073742919,1073742917,1073744012,0,45,0,175.0,0.0,0,0,16384,slot_19,45
53,0,0,0,0,0.0,175.0,450.0,0.0,0.0,-0.0,0.0,-32768,0,0,1073742919,1073742917,1073744012,0,46,0,175.0,0.0,0,0,16384,slot_19,46
54,0,0,0,0,0.0,175.0,450.0,0.0,0.0,-0.0,0.0,-32768,0,0,1073742919,1073742917,1073744012,0,47,0,175.0,0.0,0,0,16384,slot_19,47
55,0,0,0,0,0.0,175.0,450.0,0.0,0.0,-0.0,0.0,-32768,0,0,1073742919,1073742917,1073744012,0,48,0,175.0,0.0,0,0,16384,slot_19,48
56,0,0,0,0,0.0,175.0,450.0,0.0,0.0,-0.0,0.0,-32768,0,0,1073742919,1073742917,1073744012,0,49,0,175.0,0.0,0,0,16384,slot_19,49
57,0,0,0,0,0.0,175.0,450.0,0.0,0.0,-0.0,0.0,-32768,0,0,1073742919,1073742917,1073744012,0,50,0,175.0,0.0,0,0,16384,slot_19,50
58,0,0,0,0,0.0,175.0,450.0,0.0,0.0,-0.0,0.0,-32768,0,0,1073742919,1073742917,1073744012,0,51,0,175.0,0.0,0,0,16384,slot_19,51
59,0,0,0,0,0.0,175.0,450.0,0.0,0.0,-0.0,0.0,-32768,0,0,1073742919,1073742917,1073744012,0,52,0,175.0,0.0,0,0,16384,slot_19,52
60,0,0,0,0,0.0,175.0,450.0,0.0,0.0,-0.0,0.0,-32768,0,0,1073742919,1073742917,1073744012,0,53,0,175.0,0.0,0,0,16384,slot_19,53
61,0,0,0,0,0.0,175.0,450.0,0.0,0.0,-0.0,0.0,-32768,0,0,1073742919,1073742917,1073744012,0,54,0,175.0,0.0,0,0,16384,slot_19,54
62,0,0,0,0,0.0,175.0,450.0,0.0,0.0,-0.0,0.0,-32768,0,0,1073742919,1073742917,1073744012,0,55,0,175.0,0.0,0,0,16384,slot_19,55
63,0,0,0,0,0.0,175.0,450.0,0.0,0.0,-0.0,0.0,-32768,0,0,1073742919,1073742917,1073744012,0,56,0,175.0,0.0,0,0,16384,slot_19,56
64,0,0,0,0,0.0,175.0,450.0,0.0,0.0,-0.0,0.0,-32768,0,0,1073742919,1073742917,1073744012,0,57,0,175.0,0.0,0,0,16384,slot_19,57
65,0,0,0,0,0.0,175.0,450.0,0.0,0.0,-0.0,0.0,-32768,0,0,1073742919,1073742917,1073744012,0,58,0,175.0,0.0,0,0,16384,slot_19,58
66,0,0,0,0,0.0,175.0,450.0,0.0,0.0,-0.0,0.0,-32768,0,0,1073742919,1073742917,1073744012,0,59,0,175.0,0.0,0,0,16384,slot_19,59
67,0,0,0,0,0.0,175.0,450.0,0.0,0.0,-0.0,0.0,-32768,0,0,1073742919,1073742917,1073744012,0,60,0,175.0,0.0,0,0,16384,slot_19,60
68,0,0,0,0,0.0,175.0,450.0,0.0,0.0,-0.0,0.0,-32768,0,0,1073742919,1073742917,1073744012,0,61,0,175.0,0.0,0,0,16384,slot_19,61
69,0,0,0,0,0.0,175.0,450.0,0.0,0.0,-0.0,0.0,-32768,0,0,1073742919,1073742917,1073744012,0,62,0,175.0,0.0,0,0,16384,slot_19,62
70,0,0,0,0,0.0,175.0,450.0,0.0,0.0,-0.0,0.0,-32768,0,0,1073742919,1073742917,1073744012,0,63,0,175.0,0.0,0,0,16384,slot_19,63
71,0,0,0,0,0.0,175.0,450.0,0.0,0.0,-0.0,0.0,-32768,0,0,1073742919,1073742917,1073744012,0,64,0,175.0,0.0,0,0,16384,slot_19,64
72,0,0,0,0,0.0,175.0,450.0,0.0,0.0,-0.0,0.0,-32768,0,0,1073742919,1073742917,1073744012,0,65,0,175.0,0.0,0,0,16384,slot_19,65
73,0,0,0,0,0.0,175.0,450.0,0.0,0.0,-0.0,0.0,-32768,0,0,1073742919,1073742917,1073744012,0,66,0,175.0,0.0,0,0,16384,slot_19,66
74,0,0,0,0,0.0,175.0,450.0,0.0,0.0,-0.0,0.0,-32768,0,0,1073742919,1073742917,1073744012,0,67,0,175.0,0.0,0,0,16384,slot_19,67
75,0,0,0,0,0.0,175.0,450.0,0.0,0.0,-0.0,0.0,-32768,0,0,1073742919,1073742917,1073744012,0,68,0,175.0,0.0,0,0,16384,slot_19,68
76,0,0,0,0,0.0,175.0,450.0,0.0,0.0,-0.0,0.0,-32768,0,0,1073742919,1073742917,1073744012,0,69,0,175.0,0.0,0,0,16384,slot_19,69
77,0,0,0,0,0.0,175.0,450.0,0.0,0.0,-0.0,0.0,-32768,0,0,1073742919,1073742917,1073744012,0,70,0,175.0,0.0,0,0,16384,slot_19,70
78,0,0,0,0,0.0,175.0,450.0,0.0,0.0,-0.0,0.0,-32768,0,0,1073742919,1073742917,1073744012,0,71,0,175.0,0.0,0,0,16384,slot_19,71
79,0,0,0,0,0.0,175.0,450.0,0.0,0.0,-0.0,0.0,-32768,0,0,1073742919,1073742917,1073744012,0,72,0,175.0,0.0,0,0,16384,slot_19,72
80,0,0,0,0,0.0,175.0,450.0,0.0,0.0,-0.0,0.0,-32768,0,0,1073742919,1073742917,1073744012,0,73,0,175.0,0.0,0,0,16384,slot_19,73
81,0,0,0,0,0.0,175.0,450.0,0.0,0.0,-0.0,0.0,-32768,0,0,1073742919,1073742917,1073744012,0,74,0,175.0,0.0,0,0,16384,slot_19,74
82,0,0,0,0,0.0,175.0,450.0,0.0,0.0,-0.0,0.0,-32768,0,0,1073742919,1073742917,1073744012,0,75,0,175.0,0.0,0,0,16384,slot_19,75
83,0,0,0,0,0.0,175.0,450.0,0.0,0.0,-0.0,0.0,-32768,0,0,1073742919,1073742917,1073744012,0,76,0,175.0,0.0,0,0,16384,slot_19,76
84,0,0,0,0,0.0,175.0,450.0,0.0,0.0,-0.0,0.0,-32768,0,0,1073742919,1073742917,1073744012,0,77,0,175.0,0.0,0,0,16384,slot_19,77
85,0,0,0,0,0.0,175.0,450.0,0.0,0.0,-0.0,0.0,-32768,0,0,1073742919,1073742917,1073744012,0,78,0,175.0,0.0,0,0,16384,slot_19,78
86,0,0,0,0,0.0,175.0,450.0,0.0,0.0,-0.0,0.0,-32768,0,0,1073742919,1073742917,1073744012,0,79,0,175.0,0.0,0,0,16384,slot_19,79
87,0,0,0,0,0.0,175.0,450.0,0.0,0.0,-0.0,0.0,-32768,0,0,1073742919,1073742917,1073744012,0,80,0,175.0,0.0,0,0,16384,slot_19,80
88,0,0,0,0,0.0,175.0,450.0,0.0,0.0,-0.0,0.0,-32768,0,0,1073742919,1073742917,1073744012,0,81,0,175.0,0.0,0,0,16384,slot_19,81
89,0,0,0,0,0.0,175.0,450.0,0.0,0.0,-0.0,0.0,-32768,0,0,1073742919,1073742917,1073744012,0,82,0,175.0,0.0,0,0,16384,slot_19,82
90,0,0,0,0,0.0,175.0,450.0,0.0,0.0,-0.0,0.0,-32768,0,0,1073742919,1073742917,1073744012,0,83,0,175.0,0.0,0,0,16384,slot_19,83
91,0,0,0,0,0.0,175.0,450.0,0.0,0.0,-0.0,0.0,-32768,0,0,1073742919,1073742917,1073744012,0,84,0,175.0,0.0,0,0,16384,slot_19,84
