frame,stick_x,stick_y,buttons,cam_yaw,pos_x,pos_y,pos_z,vel_x,vel_y,vel_z,slide_vel_x,slide_vel_z,fwd_speed,face_yaw,face_pitch,face_roll,action,prev_action,land_from,action_state,action_timer,action_arg,floor_y,ceil_y,wall_hit,wall_kick_timer,wall_normal_yaw,health,squish_timer,quicksand_depth,peak_height,slide_over_cap,swim_strength,anim_slot,anim_frame
0,0,80,0,0,0.0,31.25,50.0,0.0,0.0,0.0,0.0,0.0,0.0,0,0,0,67109952,67109952,205521409,0,0,0,0.0,0.0,0,0,16384,2176,0,0.0,0.0,0,160,slot_0,0
1,0,80,0,0,0.0,31.355469,50.168747,0.0,0.0,0.19900179,0.0,0.0,0.19900179,0,0,0,67109952,67109952,205521409,0,1,0,31.355469,0.0,0,0,16384,2176,0,0.0,0.0,0,160,slot_1,0
2,0,80,0,0,0.0,31.56396,50.502335,0.0,0.0,0.39337564,0.0,0.0,0.39337564,0,0,0,67109952,67109952,205521409,0,2,0,31.56396,0.0,0,0,16384,2176,0,0.0,0.0,0,160,slot_1,1
3,0,80,0,0,0.0,31.873074,50.996918,0.0,0.0,0.5832292,0.0,0.0,0.5832292,0,0,0,67109952,67109952,205521409,0,3,0,31.873074,0.0,0,0,16384,2176,0,0.0,0.0,0,160,slot_1,2
4,0,80,0,0,0.0,32.280464,51.648743,0.0,0.0,0.76866746,0.0,0.0,0.76866746,0,0,0,67109952,67109952,205521409,0,4,0,32.280464,0.0,0,0,16384,2176,0,0.0,0.0,0,160,slot_1,3
5,0,80,0,0,0.0,32.78385,52.454163,0.0,0.0,0.9497932,0.0,0.0,0.9497932,0,0,0,67109952,67109952,205521409,0,5,0,32.78385,0.0,0,0,16384,2176,0,0.0,0.0,0,160,slot_1,4
6,0,80,0,0,0.0,33.381004,53.409607,0.0,0.0,1.126707,0.0,0.0,1.126707,0,0,0,67109952,67109952,205521409,0,6,0,33.381004,0.0,0,0,16384,2176,0,0.0,0.0,0,160,slot_1,5
7,0,80,0,0,0.0,34.069736,54.51158,0.0,0.0,1.2995063,0.0,0.0,1.2995063,0,0,0,67109952,67109952,205521409,0,7,0,34.069736,0.0,0,0,16384,2176,0,0.0,0.0,0,160,slot_1,6
8,0,80,0,0,0.0,34.847927,55.756683,0.0,0.0,1.4682869,0.0,0.0,1.4682869,0,0,0,67109952,67109952,205521409,0,8,0,34.847927,0.0,0,0,16384,2176,0,0.0,0.0,0,160,slot_1,7
9,0,80,0,0,0.0,35.71349,57.141586,0.0,0.0,1.6331424,0.0,0.0,1.6331424,0,0,0,67109952,67109952,205521409,0,9,0,35.71349,0.0,0,0,16384,2176,0,0.0,0.0,0,160,slot_1,8
10,0,80,0,0,0.0,36.664402,58.66304,0.0,0.0,1.7941641,0.0,0.0,1.7941641,0,0,0,67109952,67109952,205521409,0,10,0,36.664402,0.0,0,0,16384,2176,0,0.0,0.0,0,160,slot_1,9
11,0,80,0,0,0.0,37.69866,60.317856,0.0,0.0,1.9514412,0.0,0.0,1.9514412,0,0,0,67109952,67109952,205521409,0,11,0,37.69866,0.0,0,0,16384,2176,0,0.0,0.0,0,160,slot_1,10
12,0,80,0,0,0.0,38.814346,62.10295,0.0,0.0,2.1050606,0.0,0.0,2.1050606,0,0,0,67109952,67109952,205521409,0,12,0,38.814346,0.0,0,0,16384,2176,0,0.0,0.0,0,160,slot_1,11
13,0,80,0,0,0.0,40.00955,64.015274,0.0,0.0,2.2551074,0.0,0.0,2.2551074,0,0,0,67109952,67109952,205521409,0,13,0,40.00955,0.0,0,0,16384,2176,0,0.0,0.0,0,160,slot_1,12
14,0,80,0,0,0.0,41.282433,66.051895,0.0,0.0,2.4016647,0.0,0.0,2.4016647,0,0,0,67109952,67109952,205521409,0,14,0,41.282433,0.0,0,0,16384,2176,0,0.0,0.0,0,160,slot_1,13
15,0,80,0,0,0.0,42.63118,68.209885,0.0,0.0,2.544814,0.0,0.0,2.544814,0,0,0,67109952,67109952,205521409,0,15,0,42.63118,0.0,0,0,16384,2176,0,0.0,0.0,0,160,slot_1,14
16,0,80,0,0,0.0,44.054024,70.486435,0.0,0.0,2.6846342,0.0,0.0,2.6846342,0,0,0,67109952,67109952,205521409,0,16,0,44.054024,0.0,0,0,16384,2176,0,0.0,0.0,0,160,slot_1,15
17,0,80,0,0,0.0,45.549248,72.8788,0.0,0.0,2.8212028,0.0,0.0,2.8212028,0,0,0,67109952,67109952,205521409,0,17,0,45.549248,0.0,0,0,16384,2176,0,0.0,0.0,0,160,slot_1,16
18,0,80,0,0,0.0,47.115185,75.38429,0.0,0.0,2.954595,0.0,0.0,2.954595,0,0,0,67109952,67109952,205521409,0,18,0,47.115185,0.0,0,0,16384,2176,0,0.0,0.0,0,160,slot_1,17
19,0,80,0,0,0.0,48.750164,78.00026,0.0,0.0,3.0848856,0.0,0.0,3.0848856,0,0,0,67109952,67109952,205521409,0,19,0,48.750164,0.0,0,0,16384,2176,0,0.0,0.0,0,160,slot_1,18
20,0,80,0,0,0.0,50.452606,80.72417,0.0,0.0,3.2121458,0.0,0.0,3.2121458,0,0,0,67109952,67109952,205521409,0,20,0,50.452606,0.0,0,0,16384,2176,0,0.0,0.0,0,160,slot_1,19
21,0,80,0,0,0.0,52.220924,83.55348,0.0,0.0,3.3364468,0.0,0.0,3.3364468,0,0,0,67109952,67109952,205521409,0,21,0,52.220924,0.0,0,0,16384,2176,0,0.0,0.0,0,160,slot_1,20
22,0,80,0,0,0.0,54.053585,86.48573,0.0,0.0,3.4578571,0.0,0.0,3.4578571,0,0,0,67109952,67109952,205521409,0,22,0,54.053585,0.0,0,0,16384,2176,0,0.0,0.0,0,160,slot_1,21
23,0,80,0,0,0.0,55.94909,89.51854,0.0,0.0,3.5764437,0.0,0.0,3.5764437,0,0,0,67109952,67109952,205521409,0,23,0,55.94909,0.0,0,0,16384,2176,0,0.0,0.0,0,160,slot_1,22
24,0,80,0,0,0.0,57.90599,92.64958,0.0,0.0,3.6922722,0.0,0.0,3.6922722,0,0,0,67109952,67109952,205521409,0,24,0,57.90599,0.0,0,0,16384,2176,0,0.0,0.0,0,160,slot_1,23
25,0,80,0,0,0.0,59.92286,95.87657,0.0,0.0,3.8054075,0.0,0.0,3.8054075,0,0,0,67109952,67109952,205521409,0,25,0,59.92286,0.0,0,0,16384,2176,0,0.0,0.0,0,160,slot_1,24
26,0,80,0,0,0.0,61.998283,99.19725,0.0,0.0,3.9159117,0.0,0.0,3.9159117,0,0,0,67109952,67109952,205521409,0,26,0,61.998283,0.0,0,0,16384,2176,0,0.0,0.0,0,160,slot_1,25
27,0,80,0,0,0.0,64.13091,102.60945,0.0,0.0,4.0238457,0.0,0.0,4.0238457,0,0,0,67109952,67109952,205521409,0,27,0,64.13091,0.0,0,0,16384,2176,0,0.0,0.0,0,160,slot_1,26
28,0,80,0,0,0.0,66.31942,106.11107,0.0,0.0,4.1292696,0.0,0.0,4.1292696,0,0,0,67109952,67109952,205521409,0,28,0,66.31942,0.0,0,0,16384,2176,0,0.0,0.0,0,160,slot_1,27
29,0,80,0,0,0.0,68.5625,109.7,0.0,0.0,4.232242,0.0,0.0,4.232242,0,0,0,67109952,67109952,205521409,0,29,0,68.5625,0.0,0,0,16384,2176,0,0.0,0.0,0,160,slot_1,28
30,0,80,1,0,0.0,70.85889,113.37422,0.0,0.0,4.33282,0.0,0.0,4.33282,0,0,0,67109952,67109952,205521409,0,30,0,70.85889,0.0,0,0,16384,2176,0,0.0,0.0,0,160,slot_1,29
31,0,80,1,0,0.0,70.85889,113.37422,0.0,43.083206,4.33282,0.0,0.0,4.33282,0,0,0,50333829,67109952,205521409,0,0,0,70.85889,0.0,0,0,16384,2176,0,0.0,0.0,0,160,slot_30,0
32,0,80,1,0,0.0,113.94208,117.62038,0.0,39.083206,4.246164,0.0,0.0,4.246164,0,0,0,50333829,67109952,205521409,0,1,0,0.0,0.0,0,0,16384,2176,0,0.0,113.94208,0,160,slot_30,1
33,0,80,1,0,0.0,153.02527,121.78163,0.0,35.083206,4.1612406,0.0,0.0,4.1612406,0,0,0,50333829,67109952,205521409,0,2,0,0.0,0.0,0,0,16384,2176,0,0.0,153.02527,0,160,slot_30,2
34,0,80,1,0,0.0,188.10846,125.859634,0.0,31.083206,4.078016,0.0,0.0,4.078016,0,0,0,50333829,67109952,205521409,0,3,0,0.0,0.0,0,0,16384,2176,0,0.0,188.10846,0,160,slot_30,3
35,0,80,1,0,0.0,219.19165,129.8561,0.0,27.083206,3.9964557,0.0,0.0,3.9964557,0,0,0,50333829,67109952,205521409,0,4,0,0.0,0.0,0,0,16384,2176,0,0.0,219.19165,0,160,slot_30,4
36,0,80,1,0,0.0,246.27484,133.7726,0.0,23.083206,3.9165266,0.0,0.0,3.9165266,0,0,0,50333829,67109952,205521409,0,5,0,0.0,0.0,0,0,16384,2176,0,0.0,246.27484,0,160,slot_30,5
37,0,80,1,0,0.0,269.35806,137.6108,0.0,19.083206,3.838196,0.0,0.0,3.838196,0,0,0,50333829,67109952,205521409,0,6,0,0.0,0.0,0,0,16384,2176,0,0.0,269.35806,0,160,slot_30,6
38,0,80,1,0,0.0,288.4413,141.37221,0.0,15.083206,3.7614322,0.0,0.0,3.7614322,0,0,0,50333829,67109952,205521409,0,7,0,0.0,0.0,0,0,16384,2176,0,0.0,288.4413,0,160,slot_30,7
39,0,80,1,0,0.0,303.52457,145.05843,0.0,11.083206,3.6862037,0.0,0.0,3.6862037,0,0,0,50333829,67109952,205521409,0,8,0,0.0,0.0,0,0,16384,2176,0,0.0,303.52457,0,160,slot_30,8
40,0,80,1,0,0.0,314.60782,148.67091,0.0,7.083206,3.6124797,0.0,0.0,3.6124797,0,0,0,50333829,67109952,205521409,0,9,0,0.0,0.0,0,0,16384,2176,0,0.0,314.60782,0,160,slot_30,9
41,0,80,1,0,0.0,321.69107,152.21114,0.0,3.0832062,3.5402303,0.0,0.0,3.5402303,0,0,0,50333829,67109952,205521409,0,10,0,0.0,0.0,0,0,16384,2176,0,0.0,321.69107,0,160,slot_30,10
42,0,80,1,0,0.0,324.77432,155.68056,0.0,-0.9167938,3.4694257,0.0,0.0,3.4694257,0,0,0,50333829,67109952,205521409,0,11,0,0.0,0.0,0,0,16384,2176,0,0.0,324.77432,0,160,slot_30,11
43,0,80,1,0,0.0,323.85757,159.08058,0.0,-4.916794,3.4000373,0.0,0.0,3.4000373,0,0,0,50333829,67109952,205521409,0,12,0,0.0,0.0,0,0,16384,2176,0,0.0,324.77432,0,160,slot_30,12
44,0,80,1,0,0.0,318.94083,162.41261,0.0,-8.916794,3.3320365,0.0,0.0,3.3320365,0,0,0,50333829,67109952,205521409,0,13,0,0.0,0.0,0,0,16384,2176,0,0.0,324.77432,0,160,slot_30,13
45,0,80,1,0,0.0,310.02408,165.678,0.0,-12.916794,3.2653959,0.0,0.0,3.2653959,0,0,0,50333829,67109952,205521409,0,14,0,0.0,0.0,0,0,16384,2176,0,0.0,324.77432,0,160,slot_30,14
46,0,80,1,0,0.0,297.10733,168.87807,0.0,-16.916794,3.200088,0.0,0.0,3.200088,0,0,0,50333829,67109952,205521409,0,15,0,0.0,0.0,0,0,16384,2176,0,0.0,324.77432,0,160,slot_30,15
47,0,80,1,0,0.0,280.19058,172.01418,0.0,-20.916794,3.1360862,0.0,0.0,3.1360862,0,0,0,50333829,67109952,205521409,0,16,0,0.0,0.0,0,0,16384,2176,0,0.0,324.77432,0,160,slot_30,16
48,0,80,1,0,0.0,259.27383,175.08754,0.0,-24.916794,3.0733645,0.0,0.0,3.0733645,0,0,0,50333829,67109952,205521409,0,17,0,0.0,0.0,0,0,16384,2176,0,0.0,324.77432,0,160,slot_30,17
49,0,80,1,0,0.0,234.35703,178.09944,0.0,-28.916794,3.0118973,0.0,0.0,3.0118973,0,0,0,50333829,67109952,205521409,0,18,0,0.0,0.0,0,0,16384,2176,0,0.0,324.77432,0,160,slot_30,18
50,0,80,1,0,0.0,205.44022,181.0511,0.0,-32.916794,2.9516594,0.0,0.0,2.9516594,0,0,0,50333829,67109952,205521409,0,19,0,0.0,0.0,0,0,16384,2176,0,0.0,324.77432,0,160,slot_30,19
51,0,80,1,0,0.0,114.06089,182.49742,0.0,0.0,2.8926263,0.0,0.0,2.8926263,0,0,0,67110000,50333829,50333829,0,0,32,114.06089,0.0,0,0,16384,2176,0,0.0,0.0,0,160,slot_5,0
52,0,80,1,0,0.0,114.597046,183.35527,0.0,0.0,1.011628,0.0,0.0,1.011628,0,0,0,67110000,50333829,50333829,0,1,32,114.597046,0.0,0,0,16384,2176,0,0.0,0.0,0,160,slot_5,1
53,0,80,1,0,0.0,114.13627,182.61803,-0.0,0.0,-0.8693702,0.0,0.0,-0.8693702,0,0,0,67110000,50333829,50333829,0,2,32,114.13627,0.0,0,0,16384,2176,0,0.0,0.0,0,160,slot_5,2
54,0,80,1,0,0.0,113.658745,181.85399,-0.0,0.0,-0.90099823,0.0,0.0,-0.90099823,0,0,0,67110000,50333829,50333829,0,3,32,113.658745,0.0,0,0,16384,2176,0,0.0,0.0,0,160,slot_5,3
55,0,80,1,0,0.0,113.18122,181.08995,-0.0,0.0,-0.90099823,0.0,0.0,-0.90099823,0,0,0,205521409,67110000,50333829,0,0,0,113.18122,0.0,0,0,16384,2176,0,0.0,0.0,0,160,slot_5,4
56,0,80,1,0,0.0,113.18122,181.08995,-0.0,0.0,-0.90099823,0.0,0.0,8.0,0,0,0,67109952,205521409,50333829,0,0,0,113.18122,0.0,0,0,16384,2176,0,0.0,0.0,0,160,slot_1,0
57,0,80,1,0,0.0,113.18122,187.88493,0.0,0.0,8.012956,0.0,0.0,8.012956,0,0,0,67109952,205521409,50333829,0,1,0,113.18122,0.0,0,0,16384,2176,0,0.0,0.0,0,160,slot_1,1
58,0,80,1,0,0.0,113.18122,187.88493,0.0,0.0,8.012956,0.0,0.0,8.012956,0,0,0,1073744012,67109952,50333829,0,0,0,113.18122,0.0,0,0,16384,2176,0,0.0,0.0,0,160,slot_1,2
59,0,80,1,0,0.0,113.18122,197.89165,0.0,-4.0,10.006706,0.0,0.0,10.006706,0,0,0,1073744012,67109952,50333829,0,1,0,0.0,0.0,0,0,16384,2176,0,0.0,113.18122,0,160,slot_7,0
60,0,80,1,0,0.0,109.18122,209.89207,0.0,-8.0,12.000456,0.0,0.0,12.000456,0,0,0,1073744012,67109952,50333829,0,2,0,0.0,0.0,0,0,16384,2176,0,0.0,113.18122,0,160,slot_7,1
61,0,80,1,0,0.0,101.18122,223.88628,0.0,-12.0,13.994205,0.0,0.0,13.994205,0,0,0,1073744012,67109952,50333829,0,3,0,0.0,0.0,0,0,16384,2176,0,0.0,113.18122,0,160,slot_7,2
62,0,80,1,0,0.0,89.18122,239.87425,0.0,-16.0,15.987955,0.0,0.0,15.987955,0,0,0,1073744012,67109952,50333829,0,4,0,0.0,0.0,0,0,16384,2176,0,0.0,113.18122,0,160,slot_7,3
63,0,80,1,0,0.0,0.0,253.36052,0.0,0.0,17.981705,0.0,0.0,17.981705,0,0,0,67110001,1073744012,1073744012,0,0,16,0.0,0.0,0,0,16384,2176,0,0.0,0.0,0,160,slot_5,0
64,0,80,1,0,0.0,0.0,270.3622,0.0,0.0,17.001705,0.0,0.0,17.001705,0,0,0,67110001,1073744012,1073744012,0,1,16,0.0,0.0,0,0,16384,2176,0,0.0,0.0,0,160,slot_5,1
65,0,80,1,0,0.0,0.0,286.38394,0.0,0.0,16.021706,0.0,0.0,16.021706,0,0,0,67110001,1073744012,1073744012,0,2,16,0.0,0.0,0,0,16384,2176,0,0.0,0.0,0,160,slot_5,2
66,0,80,1,0,0.0,0.0,301.4257,0.0,0.0,15.041706,0.0,0.0,15.041706,0,0,0,67110001,1073744012,1073744012,0,3,16,0.0,0.0,0,0,16384,2176,0,0.0,0.0,0,160,slot_5,3
67,0,80,1,0,0.0,0.0,315.48743,0.0,0.0,14.061707,0.0,0.0,14.061707,0,0,0,205521409,67110001,1073744012,0,0,0,0.0,0.0,0,0,16384,2176,0,0.0,0.0,0,160,slot_5,4
68,0,80,1,0,0.0,0.0,315.48743,0.0,0.0,14.061707,0.0,0.0,14.061707,0,0,0,67109952,205521409,1073744012,0,0,0,0.0,0.0,0,0,16384,2176,0,0.0,0.0,0,160,slot_1,0
69,0,80,1,0,0.0,0.0,330.32214,0.0,0.0,14.83469,0.0,0.0,14.83469,0,0,0,67109952,205521409,1073744012,0,1,0,0.0,0.0,0,0,16384,2176,0,0.0,0.0,0,160,slot_1,1
70,0,80,1,0,0.0,0.0,345.91187,0.0,0.0,15.589697,0.0,0.0,15.589697,0,0,0,67109952,205521409,1073744012,0,2,0,0.0,0.0,0,0,16384,2176,0,0.0,0.0,0,160,slot_1,2
71,0,80,1,0,0.0,0.0,362.239,0.0,0.0,16.327147,0.0,0.0,16.327147,0,0,0,67109952,205521409,1073744012,0,3,0,0.0,0.0,0,0,16384,2176,0,0.0,0.0,0,160,slot_1,3
72,0,80,1,0,0.0,0.0,379.2865,0.0,0.0,17.047445,0.0,0.0,17.047445,0,0,0,67109952,205521409,1073744012,0,4,0,0.0,0.0,0,0,16384,2176,0,0.0,0.0,0,160,slot_1,4
73,0,80,1,0,0.0,0.0,397.03748,0.0,0.0,17.750994,0.0,0.0,17.750994,0,0,0,67109952,205521409,1073744012,0,5,0,0.0,0.0,0,0,16384,2176,0,0.0,0.0,0,160,slot_1,5
74,0,80,1,0,0.0,0.0,415.4757,0.0,0.0,18.438179,0.0,0.0,18.438179,0,0,0,67109952,205521409,1073744012,0,6,0,0.0,0.0,0,0,16384,2176,0,0.0,0.0,0,160,slot_1,6
75,0,80,1,0,0.0,0.0,434.58508,0.0,0.0,19.109385,0.0,0.0,19.109385,0,0,0,67109952,205521409,1073744012,0,7,0,0.0,0.0,0,0,16384,2176,0,0.0,0.0,0,160,slot_1,7
76,0,80,1,0,0.0,0.0,454.3501,0.0,0.0,19.76498,0.0,0.0,19.76498,0,0,0,67109952,205521409,1073744012,0,8,0,0.0,0.0,0,0,16384,2176,0,0.0,0.0,0,160,slot_1,8
77,0,80,1,0,0.0,0.0,474.75537,0.0,0.0,20.405329,0.0,0.0,20.405329,0,0,0,67109952,205521409,1073744012,0,9,0,0.0,0.0,0,0,16384,2176,0,0.0,0.0,0,160,slot_1,9
78,0,80,1,0,0.0,0.0,495.78613,0.0,0.0,21.030787,0.0,0.0,21.030787,0,0,0,67109952,205521409,1073744012,0,10,0,0.0,0.0,0,0,16384,2176,0,0.0,0.0,0,160,slot_1,10
79,0,80,1,0,0.0,0.0,517.4278,0.0,0.0,21.641699,0.0,0.0,21.641699,0,0,0,67109952,205521409,1073744012,0,11,0,0.0,0.0,0,0,16384,2176,0,0.0,0.0,0,160,slot_1,11
80,0,80,1,0,0.0,0.0,539.66614,0.0,0.0,22.238403,0.0,0.0,22.238403,0,0,0,67109952,205521409,1073744012,0,12,0,0.0,0.0,0,0,16384,2176,0,0.0,0.0,0,160,slot_1,12
81,0,80,1,0,0.0,0.0,562.4874,0.0,0.0,22.821232,0.0,0.0,22.821232,0,0,0,67109952,205521409,1073744012,0,13,0,0.0,0.0,0,0,16384,2176,0,0.0,0.0,0,160,slot_1,13
82,0,80,1,0,0.0,0.0,585.87805,0.0,0.0,23.390505,0.0,0.0,23.390505,0,0,0,67109952,205521409,1073744012,0,14,0,0.0,0.0,0,0,16384,2176,0,0.0,0.0,0,160,slot_1,14
83,0,80,1,0,0.0,0.0,609.8246,0.0,0.0,23.946539,0.0,0.0,23.946539,0,0,0,67109952,205521409,1073744012,0,15,0,0.0,0.0,0,0,16384,2176,0,0.0,0.0,0,160,slot_1,15
84,0,80,1,0,0.0,0.0,634.31433,0.0,0.0,24.489643,0.0,0.0,24.489643,0,0,0,67109952,205521409,1073744012,0,16,0,0.0,0.0,0,0,16384,2176,0,0.0,0.0,0,160,slot_1,16
85,0,80,1,0,0.0,0.0,659.33435,0.0,0.0,25.020117,0.0,0.0,25.020117,0,0,0,67109952,205521409,1073744012,0,17,0,0.0,0.0,0,0,16384,2176,0,0.0,0.0,0,160,slot_1,17
86,0,80,1,0,0.0,0.0,684.8727,0.0,0.0,25.538254,0.0,0.0,25.538254,0,0,0,67109952,205521409,1073744012,0,18,0,0.0,0.0,0,0,16384,2176,0,0.0,0.0,0,160,slot_1,18
87,0,80,1,0,0.0,0.0,710.9171,0.0,0.0,26.04434,0.0,0.0,26.04434,0,0,0,67109952,205521409,1073744012,0,19,0,0.0,0.0,0,0,16384,2176,0,0.0,0.0,0,160,slot_1,19
88,0,80,1,0,0.0,0.0,737.4557,0.0,0.0,26.538658,0.0,0.0,26.538658,0,0,0,67109952,205521409,1073744012,0,20,0,0.0,0.0,0,0,16384,2176,0,0.0,0.0,0,160,slot_1,20
89,0,80,1,0,0.0,0.0,764.4772,0.0,0.0,27.02148,0.0,0.0,27.02148,0,0,0,67109952,205521409,1073744012,0,21,0,0.0,0.0,0,0,16384,2176,0,0.0,0.0,0,160,slot_1,21
90,0,80,1,0,0.0,0.0,791.97034,0.0,0.0,27.493074,0.0,0.0,27.493074,0,0,0,67109952,205521409,1073744012,0,22,0,0.0,0.0,0,0,16384,2176,0,0.0,0.0,0,160,slot_1,22
91,0,80,1,0,0.0,0.0,819.92395,0.0,0.0,27.953701,0.0,0.0,27.953701,0,0,0,67109952,205521409,1073744012,0,23,0,0.0,0.0,0,0,16384,2176,0,0.0,0.0,0,160,slot_1,23
92,0,80,1,0,0.0,0.0,848.3275,0.0,0.0,28.403614,0.0,0.0,28.403614,0,0,0,67109952,205521409,1073744012,0,24,0,0.0,0.0,0,0,16384,2176,0,0.0,0.0,0,160,slot_1,24
93,0,80,1,0,0.0,0.0,877.17053,0.0,0.0,28.843065,0.0,0.0,28.843065,0,0,0,67109952,205521409,1073744012,0,25,0,0.0,0.0,0,0,16384,2176,0,0.0,0.0,0,160,slot_1,25
94,0,80,1,0,0.0,0.0,906.44275,0.0,0.0,29.272297,0.0,0.0,29.272297,0,0,0,67109952,205521409,1073744012,0,26,0,0.0,0.0,0,0,16384,2176,0,0.0,0.0,0,160,slot_1,26
95,0,80,1,0,0.0,0.0,936.1344,0.0,0.0,29.691545,0.0,0.0,29.691545,0,0,0,67109952,205521409,1073744012,0,27,0,0.0,0.0,0,0,16384,2176,0,0.0,0.0,0,160,slot_1,27
96,0,80,1,0,0.0,0.0,966.2355,0.0,0.0,30.101044,0.0,0.0,30.101044,0,0,0,67109952,205521409,1073744012,0,28,0,0.0,0.0,0,0,16384,2176,0,0.0,0.0,0,160,slot_1,28
97,0,80,1,0,0.0,0.0,996.73645,0.0,0.0,30.501019,0.0,0.0,30.501019,0,0,0,67109952,205521409,1073744012,0,29,0,0.0,0.0,0,0,16384,2176,0,0.0,0.0,0,160,slot_1,29
98,0,80,1,0,0.0,0.0,1027.628,0.0,0.0,30.891693,0.0,0.0,30.891693,0,0,0,67109952,205521409,1073744012,0,30,0,0.0,0.0,0,0,16384,2176,0,0.0,0.0,0,160,slot_1,30
99,0,80,1,0,0.0,0.0,1058.9015,0.0,0.0,31.273281,0.0,0.0,31.273281,0,0,0,67109952,205521409,1073744012,0,31,0,0.0,0.0,0,0,16384,2176,0,0.0,0.0,0,160,slot_1,31
100,0,80,1,0,0.0,0.0,1090.5475,0.0,0.0,31.645996,0.0,0.0,31.645996,0,0,0,67109952,205521409,1073744012,0,32,0,0.0,0.0,0,0,16384,2176,0,0.0,0.0,0,160,slot_1,32
101,0,80,1,0,0.0,0.0,1122.5577,0.0,0.0,32.010044,0.0,0.0,32.010044,0,0,0,67109952,205521409,1073744012,0,33,0,0.0,0.0,0,0,16384,2176,0,0.0,0.0,0,160,slot_1,33
102,0,80,1,0,0.0,0.0,1153.568,0.0,0.0,31.010044,0.0,0.0,31.010044,0,0,0,67109952,205521409,1073744012,0,34,0,0.0,0.0,0,0,16384,2176,0,0.0,0.0,0,160,slot_1,34
103,0,80,1,0,0.0,0.0,1184.9567,0.0,0.0,31.38888,0.0,0.0,31.38888,0,0,0,67109952,205521409,1073744012,0,35,0,0.0,0.0,0,0,16384,2176,0,0.0,0.0,0,160,slot_1,35
104,0,80,1,0,0.0,0.0,1216.7155,0.0,0.0,31.758905,0.0,0.0,31.758905,0,0,0,67109952,205521409,1073744012,0,36,0,0.0,0.0,0,0,16384,2176,0,0.0,0.0,0,160,slot_1,36
105,0,80,1,0,0.0,0.0,1248.8356,0.0,0.0,32.120327,0.0,0.0,32.120327,0,0,0,67109952,205521409,1073744012,0,37,0,0.0,0.0,0,0,16384,2176,0,0.0,0.0,0,160,slot_1,37
106,0,80,1,0,0.0,0.0,1279.9557,0.0,0.0,31.120327,0.0,0.0,31.120327,0,0,0,67109952,205521409,1073744012,0,38,0,0.0,0.0,0,0,16384,2176,0,0.0,0.0,0,160,slot_1,38
107,0,80,1,0,0.0,0.0,1311.4523,0.0,0.0,31.4966,0.0,0.0,31.4966,0,0,0,67109952,205521409,1073744012,0,39,0,0.0,0.0,0,0,16384,2176,0,0.0,0.0,0,160,slot_1,39
108,0,80,1,0,0.0,0.0,1343.3165,0.0,0.0,31.86412,0.0,0.0,31.86412,0,0,0,67109952,205521409,1073744012,0,40,0,0.0,0.0,0,0,16384,2176,0,0.0,0.0,0,160,slot_1,40
109,0,80,1,0,0.0,0.0,1375.5397,0.0,0.0,32.223095,0.0,0.0,32.223095,0,0,0,67109952,205521409,1073744012,0,41,0,0.0,0.0,0,0,16384,2176,0,0.0,0.0,0,160,slot_1,41
110,0,80,1,0,0.0,0.0,1406.7628,0.0,0.0,31.223095,0.0,0.0,31.223095,0,0,0,67109952,205521409,1073744012,0,42,0,0.0,0.0,0,0,16384,2176,0,0.0,0.0,0,160,slot_1,42
111,0,0,0,0,0.0,0.0,1438.36,0.0,0.0,31.596977,0.0,0.0,31.596977,0,0,0,67109952,205521409,1073744012,0,43,0,0.0,0.0,0,0,16384,2176,0,0.0,0.0,0,160,slot_1,43
