frame,stick_x,stick_y,buttons,cam_yaw,pos_x,pos_y,pos_z,vel_x,vel_y,vel_z,slide_vel_x,slide_vel_z,fwd_speed,face_yaw,face_pitch,face_roll,action,prev_action,land_from,action_state,action_timer,action_arg,floor_y,ceil_y,wall_hit,wall_kick_timer,wall_normal_yaw,health,squish_timer,quicksand_depth,peak_height,slide_over_cap,anim_slot,anim_frame
0,0,80,0,0,0.0,0.0,0.0,0.0,0.0,0.0,0.0,0.0,0.0,0,0,0,205521409,205521409,205521409,0,0,0,0.0,0.0,0,0,16384,2176,0,0.0,0.0,0,slot_0,0
1,0,80,0,0,0.0,0.0,0.0,0.0,0.0,0.0,0.0,0.0,8.0,0,0,0,67109952,205521409,205521409,0,0,0,0.0,0.0,0,0,16384,2176,0,0.0,0.0,0,slot_1,0
2,0,80,0,0,0.0,0.0,8.913954,0.0,0.0,8.913954,0.0,0.0,8.913954,0,0,0,67109952,205521409,205521409,0,1,0,0.0,0.0,0,0,16384,2176,0,0.0,0.0,0,slot_1,1
3,0,80,0,0,0.0,0.0,18.720608,0.0,0.0,9.806652,0.0,0.0,9.806652,0,0,0,67109952,205521409,205521409,0,2,0,0.0,0.0,0,0,16384,2176,0,0.0,0.0,0,slot_1,2
4,0,80,0,0,0.0,0.0,29.399197,0.0,0.0,10.678591,0.0,0.0,10.678591,0,0,0,67109952,205521409,205521409,0,3,0,0.0,0.0,0,0,16384,2176,0,0.0,0.0,0,slot_1,3
5,0,80,0,0,0.0,0.0,40.929455,0.0,0.0,11.5302515,0.0,0.0,11.5302515,0,0,0,67109952,205521409,205521409,0,4,0,0.0,0.0,0,0,16384,2176,0,0.0,0.0,0,slot_1,4
6,0,80,0,0,0.0,0.0,53.29156,0.0,0.0,12.362106,0.0,0.0,12.362106,0,0,0,67109952,205521409,205521409,0,5,0,0.0,0.0,0,0,16384,2176,0,0.0,0.0,0,slot_1,5
7,0,80,0,0,0.0,0.0,66.46618,0.0,0.0,13.174616,0.0,0.0,13.174616,0,0,0,67109952,205521409,205521409,0,6,0,0.0,0.0,0,0,16384,2176,0,0.0,0.0,0,slot_1,6
8,0,80,0,0,0.0,0.0,80.43441,0.0,0.0,13.968229,0.0,0.0,13.968229,0,0,0,67109952,205521409,205521409,0,7,0,0.0,0.0,0,0,16384,2176,0,0.0,0.0,0,slot_1,7
9,0,80,0,0,0.0,0.0,95.17779,0.0,0.0,14.743387,0.0,0.0,14.743387,0,0,0,67109952,205521409,205521409,0,8,0,0.0,0.0,0,0,16384,2176,0,0.0,0.0,0,slot_1,8
10,0,80,0,0,0.0,0.0,110.67831,0.0,0.0,15.500518,0.0,0.0,15.500518,0,0,0,67109952,205521409,205521409,0,9,0,0.0,0.0,0,0,16384,2176,0,0.0,0.0,0,slot_1,9
11,0,80,0,0,0.0,0.0,126.91836,0.0,0.0,16.24004,0.0,0.0,16.24004,0,0,0,67109952,205521409,205521409,0,10,0,0.0,0.0,0,0,16384,2176,0,0.0,0.0,0,slot_1,10
12,0,80,0,0,0.0,0.0,143.8807,0.0,0.0,16.962364,0.0,0.0,16.962364,0,0,0,67109952,205521409,205521409,0,11,0,0.0,0.0,0,0,16384,2176,0,0.0,0.0,0,slot_1,11
13,0,80,0,0,0.0,0.0,161.54861,0.0,0.0,17.66789,0.0,0.0,17.66789,0,0,0,67109952,205521409,205521409,0,12,0,0.0,0.0,0,0,16384,2176,0,0.0,0.0,0,slot_1,12
14,0,80,0,0,0.0,0.0,179.90561,0.0,0.0,18.35701,0.0,0.0,18.35701,0,0,0,67109952,205521409,205521409,0,13,0,0.0,0.0,0,0,16384,2176,0,0.0,0.0,0,slot_1,13
15,40,69,0,0,0.0,0.0,198.9357,0.0,0.0,19.030102,0.0,0.0,19.030102,0,0,0,67109952,205521409,205521409,0,14,0,0.0,0.0,0,0,16384,2176,0,0.0,0.0,0,slot_1,14
16,40,69,0,0,-3.840849,0.0,218.24496,-3.840849,0.0,19.30925,0.0,0.0,19.687542,-2048,0,0,67109952,205521409,205521409,0,15,0,0.0,0.0,0,0,16384,2176,0,0.0,0.0,0,slot_1,15
17,40,69,0,0,-11.620686,0.0,237.02713,-7.7798367,0.0,18.782187,0.0,0.0,20.329693,-4096,0,0,67109952,205521409,205521409,0,16,0,0.0,0.0,0,0,16384,2176,0,0.0,0.0,0,slot_1,16
18,40,69,0,0,-22.131601,0.0,255.15756,-10.510915,0.0,18.130428,0.0,0.0,20.95691,-5480,0,0,67109952,205521409,205521409,0,17,0,0.0,0.0,0,0,16384,2176,0,0.0,0.0,0,slot_1,17
19,40,69,0,0,-32.94978,0.0,273.81796,-10.818179,0.0,18.660433,0.0,0.0,21.56954,-5480,0,0,67109952,205521409,205521409,0,18,0,0.0,0.0,0,0,16384,2176,0,0.0,0.0,0,slot_1,18
20,40,69,0,0,-44.06808,0.0,292.99606,-11.118297,0.0,19.178112,0.0,0.0,22.167923,-5480,0,0,67109952,205521409,205521409,0,19,0,0.0,0.0,0,0,16384,2176,0,0.0,0.0,0,slot_1,19
21,40,69,0,0,-55.47952,0.0,312.67978,-11.411436,0.0,19.68375,0.0,0.0,22.75239,-5480,0,0,67109952,205521409,205521409,0,20,0,0.0,0.0,0,0,16384,2176,0,0.0,0.0,0,slot_1,20
22,40,69,0,0,-67.17728,0.0,332.8574,-11.697758,0.0,20.177631,0.0,0.0,23.323265,-5480,0,0,67109952,205521409,205521409,0,21,0,0.0,0.0,0,0,16384,2176,0,0.0,0.0,0,slot_1,21
23,40,69,0,0,-79.15469,0.0,353.51743,-11.977421,0.0,20.660027,0.0,0.0,23.880863,-5480,0,0,67109952,205521409,205521409,0,22,0,0.0,0.0,0,0,16384,2176,0,0.0,0.0,0,slot_1,22
24,40,69,0,0,-91.40527,0.0,374.64865,-12.25058,0.0,21.131203,0.0,0.0,24.425495,-5480,0,0,67109952,205521409,205521409,0,23,0,0.0,0.0,0,0,16384,2176,0,0.0,0.0,0,slot_1,23
25,40,69,0,0,-103.92267,0.0,396.24008,-12.517386,0.0,21.591421,0.0,0.0,24.95746,-5480,0,0,67109952,205521409,205521409,0,24,0,0.0,0.0,0,0,16384,2176,0,0.0,0.0,0,slot_1,24
26,40,69,0,0,-116.70065,0.0,418.28098,-12.777988,0.0,22.040937,0.0,0.0,25.477055,-5480,0,0,67109952,205521409,205521409,0,25,0,0.0,0.0,0,0,16384,2176,0,0.0,0.0,0,slot_1,25
27,40,69,0,0,-129.73318,0.0,440.76096,-13.03253,0.0,22.48,0.0,0.0,25.984566,-5480,0,0,67109952,205521409,205521409,0,26,0,0.0,0.0,0,0,16384,2176,0,0.0,0.0,0,slot_1,26
28,40,69,0,0,-143.01431,0.0,463.66977,-13.281152,0.0,22.908852,0.0,0.0,26.480274,-5480,0,0,67109952,205521409,205521409,0,27,0,0.0,0.0,0,0,16384,2176,0,0.0,0.0,0,slot_1,27
29,40,69,0,0,-156.5383,0.0,486.99753,-13.523993,0.0,23.32773,0.0,0.0,26.964455,-5480,0,0,67109952,205521409,205521409,0,28,0,0.0,0.0,0,0,16384,2176,0,0.0,0.0,0,slot_1,28
30,69,40,0,0,-170.29947,0.0,510.73434,-13.761185,0.0,23.736866,0.0,0.0,27.437374,-5480,0,0,67109952,205521409,205521409,0,29,0,0.0,0.0,0,0,16384,2176,0,0.0,0.0,0,slot_1,29
31,69,40,0,0,-188.73227,0.0,531.6772,-18.432787,0.0,20.94284,0.0,0.0,27.899296,-7528,0,0,67109952,205521409,205521409,0,30,0,0.0,0.0,0,0,16384,2176,0,0.0,0.0,0,slot_1,30
32,69,40,0,0,-211.25504,0.0,548.8957,-22.522789,0.0,17.218391,0.0,0.0,28.350475,-9576,0,0,67109952,205521409,205521409,0,31,0,0.0,0.0,0,0,16384,2176,0,0.0,0.0,0,slot_1,31
33,69,40,0,0,-236.16312,0.0,563.3359,-24.908068,0.0,14.440175,0.0,0.0,28.791162,-10904,0,0,67109952,205521409,205521409,0,32,0,0.0,0.0,0,0,16384,2176,0,0.0,0.0,0,slot_1,32
34,69,40,0,0,-261.44357,0.0,577.9919,-25.280453,0.0,14.656062,0.0,0.0,29.221601,-10904,0,0,67109952,205521409,205521409,0,33,0,0.0,0.0,0,0,16384,2176,0,0.0,0.0,0,slot_1,33
35,69,40,0,0,-287.08774,0.0,592.8588,-25.644176,0.0,14.866926,0.0,0.0,29.642029,-10904,0,0,67109952,205521409,205521409,0,34,0,0.0,0.0,0,0,16384,2176,0,0.0,0.0,0,slot_1,34
36,69,40,0,0,-313.08713,0.0,607.9318,-25.999443,0.0,15.072887,0.0,0.0,30.05268,-10904,0,0,67109952,205521409,205521409,0,35,0,0.0,0.0,0,0,16384,2176,0,0.0,0.0,0,slot_1,35
37,69,40,0,0,-339.43356,0.0,623.206,-26.346445,0.0,15.274059,0.0,0.0,30.45378,-10904,0,0,67109952,205521409,205521409,0,36,0,0.0,0.0,0,0,16384,2176,0,0.0,0.0,0,slot_1,36
38,69,40,0,0,-366.119,0.0,638.67645,-26.685379,0.0,15.470552,0.0,0.0,30.845552,-10904,0,0,67109952,205521409,205521409,0,37,0,0.0,0.0,0,0,16384,2176,0,0.0,0.0,0,slot_1,37
39,69,40,0,0,-393.13547,0.0,654.33905,-27.016432,0.0,15.662477,0.0,0.0,31.228214,-10904,0,0,67109952,205521409,205521409,0,38,0,0.0,0.0,0,0,16384,2176,0,0.0,0.0,0,slot_1,38
40,69,40,0,0,-420.4753,0.0,670.1889,-27.339785,0.0,15.8499365,0.0,0.0,31.601976,-10904,0,0,67109952,205521409,205521409,0,39,0,0.0,0.0,0,0,16384,2176,0,0.0,0.0,0,slot_1,39
41,69,40,0,0,-448.13095,0.0,686.22186,-27.655617,0.0,16.033037,0.0,0.0,31.967047,-10904,0,0,67109952,205521409,205521409,0,40,0,0.0,0.0,0,0,16384,2176,0,0.0,0.0,0,slot_1,40
42,69,40,0,0,-476.09506,0.0,702.4338,-27.964106,0.0,16.21188,0.0,0.0,32.323627,-10904,0,0,67109952,205521409,205521409,0,41,0,0.0,0.0,0,0,16384,2176,0,0.0,0.0,0,slot_1,41
43,69,40,0,0,-503.19406,0.0,718.1442,-27.098976,0.0,15.71033,0.0,0.0,31.323627,-10904,0,0,67109952,205521409,205521409,0,42,0,0.0,0.0,0,0,16384,2176,0,0.0,0.0,0,slot_1,42
44,69,40,0,0,-530.6145,0.0,734.04095,-27.42041,0.0,15.896678,0.0,0.0,31.695171,-10904,0,0,67109952,205521409,205521409,0,43,0,0.0,0.0,0,0,16384,2176,0,0.0,0.0,0,slot_1,43
45,80,0,0,0,-558.3489,0.0,750.11957,-27.734367,0.0,16.078691,0.0,0.0,32.058075,-10904,0,0,67109952,205521409,205521409,0,44,0,0.0,0.0,0,0,16384,2176,0,0.0,0.0,0,slot_1,44
46,80,0,0,0,-587.7407,0.0,760.15546,-29.391905,0.0,10.035905,0.0,0.0,31.058075,-12952,0,0,67109952,205521409,205521409,0,45,0,0.0,0.0,0,0,16384,2176,0,0.0,0.0,0,slot_1,45
47,80,0,0,0,-618.90015,0.0,764.3144,-31.159454,0.0,4.1589646,0.0,0.0,31.435795,-15000,0,0,67109952,205521409,205521409,0,46,0,0.0,0.0,0,0,16384,2176,0,0.0,0.0,0,slot_1,46
48,80,0,0,0,-650.70483,0.0,764.3144,-31.80473,0.0,0.0,0.0,0.0,31.80473,-16384,0,0,67109952,205521409,205521409,0,47,0,0.0,0.0,0,0,16384,2176,0,0.0,0.0,0,slot_1,47
49,80,0,0,0,-682.8699,0.0,764.3144,-32.165085,0.0,0.0,0.0,0.0,32.165085,-16384,0,0,67109952,205521409,205521409,0,48,0,0.0,0.0,0,0,16384,2176,0,0.0,0.0,0,slot_1,48
50,80,0,0,0,-714.0349,0.0,764.3144,-31.165085,0.0,0.0,0.0,0.0,31.165085,-16384,0,0,67109952,205521409,205521409,0,49,0,0.0,0.0,0,0,16384,2176,0,0.0,0.0,0,slot_1,49
51,80,0,0,0,-745.5752,0.0,764.3144,-31.540316,0.0,0.0,0.0,0.0,31.540316,-16384,0,0,67109952,205521409,205521409,0,50,0,0.0,0.0,0,0,16384,2176,0,0.0,0.0,0,slot_1,50
52,80,0,0,0,-777.48193,0.0,764.3144,-31.90682,0.0,0.0,0.0,0.0,31.90682,-16384,0,0,67109952,205521409,205521409,0,51,0,0.0,0.0,0,0,16384,2176,0,0.0,0.0,0,slot_1,51
53,80,0,0,0,-809.7468,0.0,764.3144,-32.2648,0.0,0.0,0.0,0.0,32.2648,-16384,0,0,67109952,205521409,205521409,0,52,0,0.0,0.0,0,0,16384,2176,0,0.0,0.0,0,slot_1,52
54,80,0,0,0,-841.0117,0.0,764.3144,-31.264801,0.0,0.0,0.0,0.0,31.264801,-16384,0,0,67109952,205521409,205521409,0,53,0,0.0,0.0,0,0,16384,2176,0,0.0,0.0,0,slot_1,53
55,80,0,0,0,-872.6494,0.0,764.3144,-31.637712,0.0,0.0,0.0,0.0,31.637712,-16384,0,0,67109952,205521409,205521409,0,54,0,0.0,0.0,0,0,16384,2176,0,0.0,0.0,0,slot_1,54
56,80,0,0,0,-904.65137,0.0,764.3144,-32.001953,0.0,0.0,0.0,0.0,32.001953,-16384,0,0,67109952,205521409,205521409,0,55,0,0.0,0.0,0,0,16384,2176,0,0.0,0.0,0,slot_1,55
57,80,0,0,0,-935.6533,0.0,764.3144,-31.001953,0.0,0.0,0.0,0.0,31.001953,-16384,0,0,67109952,205521409,205521409,0,56,0,0.0,0.0,0,0,16384,2176,0,0.0,0.0,0,slot_1,56
58,80,0,0,0,-967.0342,0.0,764.3144,-31.380978,0.0,0.0,0.0,0.0,31.380978,-16384,0,0,67109952,205521409,205521409,0,57,0,0.0,0.0,0,0,16384,2176,0,0.0,0.0,0,slot_1,57
59,80,0,0,0,-998.7854,0.0,764.3144,-31.751188,0.0,0.0,0.0,0.0,31.751188,-16384,0,0,67109952,205521409,205521409,0,58,0,0.0,0.0,0,0,16384,2176,0,0.0,0.0,0,slot_1,58
60,0,0,0,0,-1030.8982,0.0,764.3144,-32.11279,0.0,0.0,0.0,0.0,32.11279,-16384,0,0,67109952,205521409,205521409,0,59,0,0.0,0.0,0,0,16384,2176,0,0.0,0.0,0,slot_1,59
